0	1.773	4	3
1	1.577	4	3
2	1.951	6	5
3	1.646	6	6
4	1.685	12	11
5	1.807	4	2
6	1.777	3	2
7	1.893	5	4
8	1.665	3	2
9	1.753	4	3
10	1.860	3	3
11	1.940	6	5
12	1.604	2	2
13	1.829	4	3
14	1.659	13	12
15	1.895	24	16
16	1.732	2	1
17	1.635	2	1
18	1.878	2	2
19	1.764	13	12
20	1.613	7	1
21	2.121	10	9
22	1.821	5	4
23	1.729	15	15
24	1.650	5	1
25	1.580	3	1
26	1.851	5	4
27	1.803	3	2
28	1.808	21	20
29	1.650	2	2
30	1.633	3	2
31	1.944	5	4
32	1.726	28	28
33	1.740	12	11
34	2.008	7	6
35	1.705	19	12
36	1.731	5	4
37	2.031	5	4
38	1.815	8	7
39	1.811	2	2
40	1.650	6	2
41	1.795	8	8
42	1.752	5	4
43	1.659	2	1
44	1.631	2	1
45	1.851	2	2
46	1.835	7	7
47	1.872	3	2
48	1.989	6	5
49	1.628	2	1
50	2.086	3	3
51	1.808	12	12
52	1.912	13	2
53	1.953	6	2
54	1.674	12	11
55	1.939	3	3
56	1.872	4	2
57	1.631	2	1
58	1.677	2	1
59	1.962	6	5
60	1.689	8	7
61	1.738	5	4
62	1.899	2	2
63	1.707	10	9
64	1.839	3	3
65	1.786	3	2
66	1.742	16	15
67	1.615	8	1
68	1.648	2	1
69	1.789	46	45
70	1.897	20	3
71	1.601	2	1
72	2.145	44	8
73	1.894	59	19
74	1.750	4	3
75	1.763	3	2
76	1.853	3	2
77	1.643	2	1
78	1.665	2	1
79	1.637	2	2
80	1.988	6	6
81	1.629	2	2
82	1.651	2	1
83	1.961	4	3
84	1.766	4	4
85	1.832	35	34
86	1.766	16	14
87	2.010	6	5
88	2.062	7	6
89	1.738	3	2
90	1.789	4	3
91	1.843	6	5
92	1.998	11	10
93	1.965	6	5
94	1.648	3	2
95	1.856	4	3
96	1.977	21	20
97	1.629	3	2
98	2.071	28	8
99	2.033	21	21
100	1.652	4	1
101	1.795	4	3
102	1.670	2	2
103	1.822	4	3
104	2.088	6	4
105	2.131	14	11
106	1.956	4	3
107	1.731	3	3
108	1.842	29	29
109	1.618	2	1
110	1.632	27	2
111	1.736	10	7
112	1.828	3	3
113	1.720	50	22
114	1.865	3	2
115	1.870	3	2
116	1.648	2	1
117	1.671	4	2
118	1.660	2	1
119	1.830	4	3
120	2.013	22	21
121	1.768	16	4
122	1.748	11	8
123	1.729	21	20
124	1.741	24	3
125	1.917	25	4
126	1.790	10	9
127	2.001	8	4
128	1.764	13	6
129	1.623	6	1
130	1.882	4	3
131	1.786	3	2
132	1.879	6	3
133	1.781	8	7
134	2.008	11	4
135	1.806	12	11
136	1.797	28	27
137	1.754	9	8
138	2.155	8	7
139	1.803	4	4
140	1.888	22	21
141	1.826	5	3
142	2.009	9	5
143	1.966	4	4
144	1.732	11	10
145	2.098	9	7
146	1.633	2	2
147	1.901	9	9
148	1.670	12	12
149	1.640	11	2
150	1.659	2	2
151	1.951	9	9
152	1.870	11	2
153	1.914	7	6
154	1.658	2	1
155	1.874	4	3
156	1.683	14	13
157	1.671	2	1
158	1.833	4	4
159	1.887	5	4
160	1.624	2	1
161	1.875	4	3
162	1.650	3	2
163	1.930	8	7
164	1.862	4	3
165	2.060	22	19
166	1.946	6	5
167	1.720	8	7
168	1.945	17	16
169	1.686	26	9
170	1.789	5	4
171	1.740	8	7
172	1.658	16	9
173	1.714	18	17
174	1.675	13	8
175	1.630	2	2
176	1.937	7	7
177	1.684	10	8
178	1.993	11	10
179	1.838	5	4
180	1.621	1	1
181	1.665	2	1
182	1.777	5	4
183	1.907	3	2
184	1.987	20	20
185	1.792	4	3
186	1.926	8	4
187	1.793	20	15
188	1.805	15	3
189	1.705	17	10
190	2.096	5	5
191	2.057	8	7
192	1.934	9	9
193	1.781	3	3
194	1.898	5	4
195	1.649	2	2
196	1.928	6	5
197	1.821	27	26
198	1.773	10	4
199	1.812	15	10
200	1.860	3	3
201	1.754	15	15
202	1.968	7	6
203	1.624	2	2
204	1.738	11	11
205	1.729	18	17
206	1.745	22	21
207	1.747	7	6
208	1.763	18	17
209	1.618	12	1
210	1.676	1	1
211	1.867	4	3
212	2.009	6	6
213	2.067	6	6
214	1.833	7	4
215	1.781	4	3
216	1.895	4	3
217	1.723	14	11
218	1.649	2	1
219	1.591	1	1
220	1.783	3	3
221	1.910	3	2
222	1.721	12	11
223	1.648	10	2
224	1.865	4	3
225	1.744	16	11
226	1.871	3	2
227	1.718	10	9
228	1.124	8	2
229	1.640	15	6
230	1.760	4	3
231	1.851	3	3
232	1.794	3	3
233	1.643	2	1
234	1.779	3	2
235	1.813	12	11
236	2.059	7	4
237	1.677	9	8
238	1.703	16	15
239	1.511	9	8
240	1.733	8	7
241	2.003	5	5
242	1.845	6	3
243	1.847	5	5
244	1.907	5	4
245	1.826	4	3
246	1.728	28	28
247	1.811	33	11
248	1.990	35	12
249	1.591	40	17
250	1.883	3	2
251	1.684	21	10
252	1.704	10	9
253	1.633	2	1
254	1.766	18	17
255	1.786	20	2
256	1.899	4	3
257	1.734	4	3
258	1.866	4	3
259	1.770	11	10
260	1.838	3	3
261	1.664	10	9
262	1.638	3	2
263	1.989	5	4
264	1.857	3	2
265	1.871	5	4
266	1.669	4	2
267	1.875	8	2
268	2.110	8	7
269	1.812	7	7
270	1.912	4	3
271	1.871	19	18
272	1.863	2	1
273	1.755	17	14
274	2.182	22	8
275	2.019	6	5
276	1.712	4	3
277	1.848	4	3
278	1.789	4	3
279	1.722	9	9
280	2.015	5	5
281	1.781	5	5
282	1.959	11	5
283	1.669	8	7
284	1.820	4	4
285	1.722	17	13
286	2.035	10	3
287	1.763	14	10
288	1.816	5	3
289	1.732	8	5
290	1.747	5	5
291	1.657	10	9
292	1.642	2	1
293	1.794	4	3
294	1.658	3	2
295	1.625	2	1
296	1.666	2	2
297	2.052	3	2
298	1.868	4	3
299	1.647	2	2
300	1.644	2	2
301	2.088	6	5
302	1.656	2	1
303	1.730	14	13
304	1.983	4	3
305	1.761	30	29
306	1.872	31	4
307	1.761	5	2
308	1.708	7	3
309	1.770	37	8
310	1.704	16	13
311	1.711	10	10
312	2.115	9	8
313	1.815	5	5
314	1.658	7	6
315	1.793	3	2
316	1.641	2	1
317	1.726	2	2
318	2.072	5	4
319	1.836	4	3
320	1.629	2	2
321	1.905	6	5
322	2.049	4	4
323	2.046	5	5
324	1.930	8	4
325	1.745	6	5
326	1.826	4	3
327	1.625	2	1
328	1.632	2	2
329	1.624	2	1
330	1.856	16	15
331	1.902	5	4
332	1.972	6	5
333	1.715	25	19
334	1.639	2	1
335	1.779	13	12
336	1.933	11	5
337	2.058	16	5
338	1.861	5	3
339	1.646	2	1
340	1.771	29	28
341	1.891	5	4
342	1.876	3	2
343	1.848	4	3
344	1.690	9	8
345	1.809	14	14
346	1.702	12	11
347	1.715	9	9
348	1.881	10	9
349	1.679	5	2
350	1.797	4	3
351	1.904	5	4
352	1.697	10	9
353	1.781	9	3
354	1.689	10	9
355	1.631	8	2
356	2.074	5	4
357	1.891	3	2
358	1.976	5	4
359	1.920	4	3
360	1.601	2	1
361	1.896	8	3
362	1.655	2	1
363	1.877	4	4
364	1.641	2	2
365	1.907	4	3
366	1.979	4	4
367	1.785	4	4
368	1.846	4	2
369	1.885	7	3
370	2.062	10	9
371	1.601	6	1
372	1.619	6	2
373	1.942	9	4
374	1.885	25	15
375	1.639	2	1
376	1.854	4	4
377	1.889	14	12
378	1.821	14	3
379	1.657	2	2
380	1.768	13	13
381	1.645	2	1
382	1.640	2	1
383	1.884	5	5
384	1.808	4	3
385	1.953	7	6
386	1.889	3	3
387	1.627	2	2
388	1.746	5	4
389	1.798	4	4
390	2.056	5	4
391	2.160	8	7
392	1.822	3	3
393	1.985	15	14
394	1.937	3	3
395	1.870	4	3
396	1.678	10	9
397	1.724	17	16
398	1.660	2	2
399	1.716	7	6
400	1.740	5	4
401	1.783	3	2
402	1.871	8	3
403	1.631	5	1
404	2.012	3	3
405	1.693	8	8
406	1.714	17	9
407	1.740	11	11
408	1.753	6	6
409	1.797	5	5
410	1.628	2	1
411	1.796	3	3
412	1.860	10	7
413	1.988	5	5
414	1.626	5	2
415	2.032	4	3
416	2.127	12	11
417	1.595	12	1
418	1.856	15	3
419	1.954	5	3
420	1.645	2	2
421	1.924	5	4
422	1.894	3	3
423	1.650	2	1
424	2.007	5	5
425	1.886	3	2
426	1.985	6	5
427	1.876	3	3
428	2.013	4	4
429	1.742	15	10
430	1.911	13	10
431	1.145	13	2
432	1.238	12	3
433	1.637	2	1
434	1.711	8	7
435	2.099	13	7
436	1.718	14	13
437	1.819	10	3
438	1.847	17	16
439	1.648	3	2
440	1.707	10	10
441	2.026	21	20
442	1.832	6	3
443	1.658	2	2
444	1.639	2	2
445	1.945	5	4
446	1.729	8	5
447	1.801	4	3
448	2.120	5	5
449	1.960	4	3
450	2.119	8	6
451	1.669	10	9
452	2.098	9	8
453	1.901	4	3
454	1.709	7	6
455	1.853	18	17
456	2.019	6	6
457	1.637	2	1
458	1.719	4	3
459	1.781	5	4
460	1.767	13	12
461	1.713	15	14
462	1.747	14	13
463	1.639	4	1
464	1.897	4	3
465	1.630	3	1
466	1.896	30	27
467	2.061	7	6
468	1.766	26	26
469	2.122	4	3
470	1.838	8	7
471	1.972	6	5
472	1.634	2	1
473	1.649	2	1
474	1.945	4	3
475	1.803	6	5
476	1.716	8	8
477	1.728	10	9
478	1.640	2	1
479	1.911	3	3
480	1.794	3	2
481	1.823	6	4
482	1.893	4	3
483	1.817	16	15
484	1.882	4	3
485	1.710	6	6
486	1.772	16	15
487	1.856	19	4
488	1.793	3	2
489	1.632	2	1
490	1.873	6	4
491	1.646	2	2
492	1.838	4	4
493	1.867	8	4
494	1.928	4	3
495	1.740	25	24
496	1.946	5	4
497	1.590	4	1
498	1.928	7	3
499	1.734	4	3
500	1.711	10	6
501	1.999	6	4
502	1.723	10	7
503	1.984	10	10
504	1.744	15	15
505	1.958	20	5
506	2.069	6	5
507	1.956	6	4
508	1.799	9	7
509	1.932	5	4
510	1.697	18	18
511	1.752	9	3
512	1.844	19	3
513	1.846	11	3
514	1.686	26	10
515	1.809	3	2
516	1.722	7	6
517	1.816	6	2
518	1.885	4	3
519	2.012	9	8
520	1.844	4	4
521	2.107	8	5
522	1.811	9	8
523	1.673	2	1
524	2.116	7	6
525	1.909	3	3
526	1.857	4	3
527	1.919	5	4
528	1.809	12	11
529	2.016	12	3
530	1.678	20	20
531	1.620	3	1
532	2.078	25	6
533	1.766	9	8
534	1.636	2	2
535	1.751	3	2
536	1.678	4	3
537	1.639	2	2
538	1.630	2	2
539	1.659	12	11
540	1.742	28	21
541	1.603	13	1
542	1.604	16	2
543	2.003	15	4
544	1.839	5	3
545	2.064	23	6
546	2.152	28	10
547	1.798	29	15
548	1.727	12	12
549	1.703	13	12
550	1.950	16	5
551	1.914	9	3
552	1.683	8	7
553	1.900	19	13
554	1.714	16	7
555	2.016	12	5
556	1.978	5	4
557	1.746	8	4
558	1.728	18	11
559	1.728	59	58
560	1.210	49	17
561	1.892	4	4
562	2.024	23	23
563	1.805	26	25
564	1.856	16	16
565	1.928	4	3
566	1.617	2	1
567	1.863	3	2
568	1.739	3	2
569	1.934	3	2
570	2.055	5	4
571	2.004	4	4
572	1.585	2	1
573	1.745	8	8
574	1.658	2	1
575	1.729	10	9
576	1.691	10	9
577	1.894	4	3
578	1.966	5	3
579	1.684	10	10
580	1.980	4	3
581	1.840	3	3
582	1.656	2	1
583	1.807	15	12
584	1.761	13	12
585	1.713	20	20
586	1.727	29	8
587	1.772	24	10
588	1.787	7	6
589	1.963	3	2
590	1.592	2	2
591	1.867	8	7
592	1.906	3	2
593	1.633	3	2
594	1.835	4	4
595	1.766	10	9
596	1.715	18	12
597	1.822	4	3
598	2.046	4	4
599	2.026	9	8
600	1.851	23	16
601	1.745	6	5
602	1.949	9	4
603	1.853	7	3
604	1.881	4	3
605	1.778	4	4
606	1.848	4	4
607	1.610	4	1
608	1.811	3	3
609	1.692	8	7
610	1.839	5	4
611	1.660	2	2
612	1.914	3	3
613	1.799	7	3
614	1.779	16	15
615	1.778	3	2
616	1.743	13	12
617	1.729	39	29
618	1.828	24	16
619	1.611	2	2
620	2.106	4	3
621	1.886	4	4
622	1.782	4	3
623	1.820	17	16
624	1.862	6	5
625	1.707	9	8
626	1.725	7	6
627	1.709	9	8
628	1.892	22	22
629	1.765	21	8
630	1.897	3	2
631	1.811	4	4
632	1.863	4	4
633	1.863	4	3
634	1.750	15	14
635	1.797	15	3
636	1.619	2	1
637	1.640	2	2
638	1.628	2	1
639	1.843	4	3
640	2.048	30	29
641	1.947	25	3
642	2.054	13	4
643	1.718	6	4
644	1.725	9	8
645	1.736	4	3
646	1.845	3	3
647	1.776	13	13
648	1.838	9	3
649	2.060	18	5
650	2.115	6	6
651	2.090	20	14
652	2.121	12	10
653	1.701	14	13
654	1.670	2	1
655	1.688	11	10
656	1.967	18	6
657	1.896	7	4
658	1.785	14	10
659	1.620	2	1
660	1.856	5	4
661	1.885	5	4
662	1.665	2	1
663	1.908	5	3
664	1.738	15	12
665	2.028	6	5
666	1.677	3	2
667	1.784	4	3
668	1.631	3	2
669	1.749	7	7
670	1.797	15	12
671	2.163	7	6
672	1.726	8	8
673	1.698	14	7
674	1.683	10	7
675	1.668	4	2
676	1.833	5	3
677	1.840	4	3
678	1.808	3	3
679	1.712	2	1
680	1.640	6	5
681	1.907	5	4
682	1.884	16	15
683	1.645	16	2
684	1.854	5	4
685	1.741	3	2
686	2.076	21	21
687	1.636	14	2
688	1.831	17	16
689	1.666	5	2
690	1.951	11	3
691	1.784	8	6
692	1.808	4	4
693	2.138	6	5
694	1.633	7	1
695	2.029	5	5
696	1.761	4	3
697	1.589	4	1
698	1.654	3	2
699	1.860	5	3
700	1.758	8	8
701	1.764	8	2
702	1.741	3	2
703	2.040	4	3
704	1.781	3	2
705	1.866	4	3
706	1.870	5	4
707	1.639	2	2
708	1.827	5	4
709	2.081	5	5
710	1.833	26	25
711	1.775	27	15
712	1.752	3	2
713	1.818	11	10
714	1.881	11	10
715	1.664	2	1
716	1.828	3	3
717	1.904	19	18
718	1.655	2	1
719	1.976	4	3
720	1.779	13	12
721	1.625	14	1
722	1.953	14	4
723	1.778	17	8
724	2.004	5	4
725	1.763	5	2
726	1.733	3	3
727	1.911	20	19
728	1.955	3	3
729	1.858	11	11
730	1.927	6	5
731	1.792	11	10
732	1.672	3	1
733	1.709	12	9
734	1.811	3	3
735	1.800	4	3
736	1.867	4	3
737	1.746	20	20
738	1.630	14	1
739	1.127	5	3
740	2.042	19	5
741	1.581	17	5
742	1.925	3	3
743	1.636	3	2
744	1.985	6	6
745	1.801	6	3
746	1.947	4	3
747	1.793	4	4
748	1.975	4	3
749	2.136	10	9
750	1.841	31	27
751	1.654	25	2
752	1.881	7	6
753	2.000	10	3
754	2.024	7	6
755	1.596	8	1
756	2.016	5	5
757	1.926	3	2
758	1.843	6	3
759	1.722	3	2
760	1.633	2	1
761	1.692	9	8
762	1.838	9	3
763	1.733	6	3
764	1.716	16	10
765	2.031	3	2
766	1.797	15	15
767	1.965	4	3
768	1.623	2	1
769	1.805	4	3
770	1.701	12	12
771	1.642	13	12
772	1.681	8	8
773	1.677	10	1
774	1.712	12	7
775	1.930	18	17
776	1.841	19	3
777	1.988	17	16
778	1.858	4	4
779	1.654	2	2
780	2.043	6	5
781	1.816	3	3
782	1.647	2	1
783	1.694	5	4
784	1.711	4	3
785	1.941	3	3
786	1.675	17	16
787	1.766	6	5
788	1.987	4	4
789	1.603	2	1
790	2.085	9	8
791	1.718	11	4
792	2.020	8	7
793	1.962	12	5
794	1.719	19	19
795	1.833	19	4
796	1.735	16	9
797	1.923	3	3
798	1.889	6	5
799	2.058	7	6
800	2.004	11	10
801	1.759	13	12
802	1.760	14	3
803	1.678	17	16
804	1.736	18	3
805	1.808	29	28
806	1.766	35	14
807	1.740	31	18
808	1.728	10	2
809	1.951	6	5
810	1.865	5	3
811	1.612	2	2
812	1.659	3	2
813	1.626	2	2
814	1.899	4	3
815	1.655	3	2
816	1.652	2	2
817	1.673	3	2
818	1.956	6	5
819	1.852	4	3
820	1.896	2	2
821	2.119	10	9
822	1.739	11	10
823	1.639	13	2
824	1.780	17	8
825	1.937	8	7
826	1.691	10	9
827	1.753	10	10
828	1.637	11	1
829	1.741	10	10
830	2.164	13	12
831	1.879	4	3
832	1.678	2	1
833	1.822	7	6
834	1.642	16	14
835	1.717	10	10
836	1.775	5	4
837	2.004	5	4
838	1.754	24	23
839	1.850	9	3
840	1.858	5	4
841	1.648	2	1
842	1.822	21	20
843	1.708	6	5
844	1.631	2	1
845	1.694	10	10
846	1.827	3	2
847	1.684	5	1
848	1.631	2	1
849	1.907	4	3
850	1.721	10	9
851	1.935	5	4
852	1.838	3	2
853	1.688	15	15
854	1.681	18	9
855	1.774	3	2
856	1.983	7	6
857	1.715	11	10
858	1.878	4	3
859	1.698	12	11
860	1.776	4	4
861	2.040	10	9
862	1.795	12	2
863	2.015	14	6
864	1.821	3	2
865	1.832	12	11
866	1.931	19	15
867	1.648	9	1
868	1.671	2	2
869	1.658	9	8
870	2.035	9	6
871	1.694	6	5
872	1.806	13	13
873	1.738	10	5
874	1.895	5	4
875	1.803	3	3
876	1.941	5	4
877	1.642	7	1
878	1.651	2	1
879	1.198	6	4
880	1.321	6	4
881	1.678	12	11
882	1.991	6	6
883	1.618	7	1
884	2.068	10	6
885	2.053	6	5
886	1.875	11	11
887	1.940	5	4
888	1.784	4	3
889	1.678	7	6
890	1.796	17	16
891	1.613	7	1
892	1.618	15	2
893	2.115	10	9
894	1.995	5	5
895	1.615	2	1
896	1.678	2	2
897	1.886	4	3
898	1.786	15	14
899	1.697	22	21
900	1.738	11	10
901	1.791	4	3
902	2.054	25	21
903	2.059	6	5
904	1.657	2	2
905	1.798	21	20
906	1.583	21	2
907	1.809	25	3
908	1.785	4	3
909	1.647	2	1
910	1.774	6	6
911	1.748	7	3
912	1.680	10	10
913	1.749	6	6
914	1.700	12	12
915	1.743	12	4
916	1.675	21	13
917	1.797	10	10
918	1.619	9	1
919	1.857	5	4
920	1.819	4	3
921	1.749	4	3
922	1.687	10	7
923	2.003	6	5
924	2.137	10	9
925	1.714	9	8
926	2.025	6	5
927	1.934	9	5
928	1.885	3	2
929	2.157	7	7
930	1.707	6	5
931	1.681	13	12
932	2.067	20	7
933	1.714	13	13
934	1.643	13	1
935	1.578	3	2
936	1.991	8	3
937	1.781	3	2
938	1.683	23	10
939	1.690	2	2
940	1.876	4	3
941	1.727	14	13
942	1.743	12	3
943	1.774	14	13
944	1.967	11	6
945	1.904	27	22
946	2.173	7	6
947	1.725	4	3
948	1.753	5	5
949	1.755	7	6
950	1.809	21	20
951	1.968	29	13
952	1.785	36	29
953	1.988	28	3
954	1.786	6	3
955	1.807	6	5
956	1.941	5	4
957	2.033	11	6
958	2.050	5	4
959	1.695	15	10
960	1.856	3	2
961	1.744	13	13
962	1.714	24	23
963	1.766	23	5
964	1.645	3	2
965	1.892	5	4
966	1.644	2	2
967	1.744	8	7
968	1.821	3	2
969	1.801	12	11
970	1.752	19	11
971	1.767	10	7
972	1.959	7	4
973	1.839	4	3
974	1.763	8	7
975	1.638	2	2
976	1.712	12	11
977	1.613	3	2
978	2.014	3	2
979	1.873	14	13
980	1.673	2	1
981	1.915	4	3
982	1.732	17	16
983	2.143	29	11
984	1.638	1	1
985	1.903	6	5
986	2.005	5	4
987	1.859	3	3
988	1.788	3	3
989	1.709	17	16
990	2.027	5	4
991	1.726	17	16
992	1.851	19	18
993	1.626	14	1
994	2.020	21	5
995	1.800	31	11
996	1.877	30	13
997	1.654	2	2
998	2.115	20	19
999	1.779	13	6
1000	2.123	12	11
1001	1.776	14	14
1002	1.712	7	6
1003	1.841	4	3
1004	1.800	3	3
1005	1.655	2	1
1006	1.653	3	2
1007	1.973	6	6
1008	1.672	5	2
1009	1.650	4	1
1010	1.774	7	7
1011	1.979	10	5
1012	2.097	10	7
1013	1.765	3	3
1014	1.895	4	4
1015	1.646	11	10
1016	1.644	2	2
1017	1.792	4	3
1018	1.614	2	1
1019	1.770	8	7
1020	2.031	5	4
1021	1.848	3	3
1022	1.699	8	7
1023	1.619	2	1
1024	1.706	6	5
1025	1.777	12	11
1026	1.650	9	1
1027	1.648	3	2
1028	1.983	9	9
1029	1.700	20	19
1030	1.986	5	5
1031	1.684	4	1
1032	1.666	2	1
1033	1.724	11	11
1034	1.600	2	1
1035	1.806	15	15
1036	1.832	20	20
1037	1.893	8	3
1038	1.651	2	1
1039	1.736	9	9
1040	1.713	5	4
1041	1.998	4	3
1042	1.993	18	14
1043	1.675	16	12
1044	1.854	15	14
1045	1.635	2	1
1046	1.729	9	9
1047	1.713	14	14
1048	2.083	8	7
1049	1.849	4	3
1050	2.052	6	5
1051	1.943	45	45
1052	1.882	54	15
1053	1.757	12	11
1054	1.644	2	2
1055	2.089	7	6
1056	2.105	7	6
1057	2.163	10	9
1058	1.897	15	14
1059	1.774	30	28
1060	1.634	2	1
1061	1.780	4	4
1062	2.018	4	4
1063	1.858	5	3
1064	1.824	3	2
1065	1.678	9	8
1066	1.615	2	1
1067	1.892	4	4
1068	1.594	1	1
1069	1.754	4	3
1070	2.015	23	22
1071	1.594	4	1
1072	1.176	9	5
1073	1.892	4	3
1074	1.699	21	18
1075	1.730	31	29
1076	1.751	8	7
1077	2.125	6	5
1078	1.667	2	2
1079	2.002	6	5
1080	1.931	43	42
1081	1.891	3	3
1082	1.779	16	16
1083	1.548	9	8
1084	1.658	2	1
1085	1.802	4	3
1086	1.700	8	7
1087	1.712	9	8
1088	1.710	11	1
1089	1.977	6	5
1090	1.852	3	3
1091	2.145	13	10
1092	1.981	4	4
1093	1.867	19	19
1094	1.852	17	3
1095	1.916	4	3
1096	1.652	24	8
1097	1.693	8	6
1098	1.972	36	15
1099	1.833	3	3
1100	1.783	22	22
1101	1.890	4	3
1102	1.742	9	8
1103	1.625	2	2
1104	1.758	3	3
1105	1.873	3	2
1106	1.626	2	1
1107	1.919	3	3
1108	1.751	3	2
1109	1.731	5	4
1110	1.858	8	7
1111	1.201	9	4
1112	1.411	8	6
1113	1.726	9	9
1114	1.954	5	4
1115	1.800	46	38
1116	1.800	11	11
1117	1.717	23	12
1118	1.824	5	5
1119	2.105	11	5
1120	1.909	4	3
1121	1.770	4	3
1122	1.764	11	11
1123	2.002	6	5
1124	1.810	4	3
1125	1.642	7	7
1126	1.663	8	2
1127	1.736	7	7
1128	1.684	6	6
1129	1.722	17	15
1130	1.903	17	5
1131	1.898	4	3
1132	1.813	4	3
1133	1.906	5	4
1134	1.635	2	1
1135	1.808	5	4
1136	1.637	4	1
1137	1.635	2	1
1138	1.796	4	3
1139	1.831	7	3
1140	1.897	6	5
1141	1.813	3	2
1142	1.795	6	3
1143	1.695	3	2
1144	1.694	7	6
1145	1.744	18	11
1146	1.721	10	10
1147	1.635	2	1
1148	1.782	3	3
1149	1.641	3	3
1150	1.807	4	3
1151	1.850	4	3
1152	1.850	10	10
1153	1.820	4	4
1154	1.729	11	11
1155	1.911	20	19
1156	1.658	2	1
1157	1.697	2	2
1158	1.985	4	3
1159	1.820	5	2
1160	1.692	8	7
1161	1.866	5	4
1162	1.988	5	4
1163	1.763	15	14
1164	1.929	6	5
1165	2.121	11	10
1166	1.757	11	10
1167	1.627	4	2
1168	1.844	14	4
1169	1.674	12	10
1170	2.144	7	6
1171	1.853	11	4
1172	1.753	11	10
1173	1.676	15	7
1174	1.826	7	2
1175	1.125	3	2
1176	1.461	11	7
1177	1.814	4	3
1178	1.958	46	43
1179	2.006	21	3
1180	1.894	3	2
1181	1.911	6	5
1182	1.787	4	3
1183	1.737	3	2
1184	1.997	5	4
1185	1.626	2	1
1186	1.677	13	12
1187	1.642	2	2
1188	1.898	2	2
1189	1.626	2	1
1190	1.661	2	2
1191	1.796	3	3
1192	2.061	19	15
1193	1.819	4	3
1194	1.981	6	5
1195	1.763	2	1
1196	1.978	6	6
1197	1.753	26	22
1198	1.643	16	2
1199	1.693	21	3
1200	1.882	8	7
1201	2.015	22	21
1202	1.853	25	3
1203	1.788	14	3
1204	1.982	4	4
1205	1.672	6	5
1206	1.756	10	9
1207	1.224	13	4
1208	1.711	24	16
1209	2.238	5	5
1210	2.004	12	11
1211	1.695	2	1
1212	2.060	7	6
1213	1.791	4	3
1214	1.805	20	17
1215	1.704	13	12
1216	1.722	23	18
1217	1.635	2	1
1218	1.782	15	14
1219	1.793	31	16
1220	1.660	3	2
1221	1.705	13	12
1222	1.939	8	2
1223	1.746	13	6
1224	1.611	2	1
1225	1.770	14	14
1226	2.062	7	7
1227	1.754	9	4
1228	1.793	11	10
1229	1.876	11	11
1230	1.677	3	2
1231	1.774	26	26
1232	1.635	2	1
1233	1.856	4	3
1234	1.801	3	3
1235	1.764	3	3
1236	1.670	7	6
1237	1.644	2	1
1238	1.933	24	22
1239	1.213	13	4
1240	1.216	19	6
1241	1.511	28	9
1242	1.804	16	12
1243	1.744	19	15
1244	1.757	3	2
1245	1.863	4	3
1246	1.665	9	8
1247	1.844	10	3
1248	1.642	2	1
1249	2.168	12	10
1250	1.896	3	2
1251	1.671	9	5
1252	1.674	12	11
1253	1.598	2	1
1254	2.056	23	22
1255	1.845	27	4
1256	1.640	2	2
1257	1.883	4	3
1258	1.669	11	7
1259	2.118	5	5
1260	1.764	16	12
1261	1.952	3	2
1262	1.895	6	5
1263	1.629	2	1
1264	1.911	4	3
1265	1.755	6	2
1266	1.750	4	3
1267	1.810	3	2
1268	1.857	4	4
1269	2.003	3	2
1270	1.914	5	4
1271	2.057	6	6
1272	2.136	12	11
1273	1.626	13	1
1274	1.813	4	3
1275	1.915	5	4
1276	1.669	9	8
1277	1.821	4	3
1278	1.930	3	3
1279	1.838	4	3
1280	1.900	3	3
1281	1.750	3	2
1282	1.924	4	4
1283	1.793	4	3
1284	1.900	3	3
1285	1.639	3	2
1286	1.774	9	8
1287	1.861	4	3
1288	1.976	6	6
1289	1.672	20	14
1290	1.667	4	2
1291	1.660	7	6
1292	2.003	6	4
1293	1.712	9	7
1294	1.806	4	3
1295	1.808	3	2
1296	1.771	7	7
1297	1.596	7	1
1298	1.616	2	1
1299	1.724	9	8
1300	1.702	3	2
1301	1.697	9	5
1302	1.677	9	8
1303	1.656	2	2
1304	1.726	10	9
1305	1.636	2	1
1306	1.811	5	4
1307	2.063	7	7
1308	1.810	9	4
1309	1.773	14	13
1310	1.774	7	2
1311	1.641	2	1
1312	1.659	2	1
1313	2.005	6	5
1314	1.756	3	3
1315	1.711	11	10
1316	2.204	9	6
1317	1.682	6	5
1318	1.950	5	5
1319	1.677	12	12
1320	1.972	6	5
1321	1.824	4	1
1322	1.701	9	8
1323	1.867	8	2
1324	1.687	12	11
1325	1.649	8	2
1326	1.631	2	2
1327	1.795	2	2
1328	1.861	4	4
1329	1.835	3	3
1330	1.778	15	14
1331	1.980	7	6
1332	1.639	2	1
1333	1.721	7	6
1334	1.972	5	4
1335	1.819	8	6
1336	1.767	16	16
1337	1.797	9	2
1338	1.685	19	13
1339	1.961	5	4
1340	2.145	8	7
1341	2.107	16	15
1342	1.949	4	3
1343	1.801	3	2
1344	1.646	2	1
1345	1.723	11	10
1346	1.786	10	4
1347	1.835	14	14
1348	1.662	8	7
1349	1.706	7	7
1350	1.887	16	16
1351	1.843	3	2
1352	1.946	3	3
1353	1.651	2	2
1354	1.684	3	2
1355	1.766	4	3
1356	1.673	14	14
1357	1.732	18	14
1358	1.634	2	2
1359	1.648	2	1
1360	1.712	7	7
1361	1.694	10	9
1362	2.011	9	6
1363	1.622	2	1
1364	1.867	4	4
1365	1.775	3	3
1366	1.643	2	2
1367	1.641	2	1
1368	1.664	3	2
1369	1.999	6	5
1370	1.783	3	2
1371	1.738	16	16
1372	1.641	4	1
1373	1.903	4	4
1374	1.810	4	3
1375	1.759	4	3
1376	1.852	13	13
1377	1.996	13	2
1378	1.671	20	9
1379	1.713	9	8
1380	1.650	3	2
1381	1.866	11	10
1382	1.693	11	11
1383	1.810	3	3
1384	1.852	3	3
1385	1.731	24	23
1386	2.068	7	3
1387	2.102	4	4
1388	2.005	9	6
1389	1.941	4	3
1390	2.008	6	6
1391	1.700	9	8
1392	1.709	11	10
1393	1.881	25	13
1394	1.688	10	9
1395	1.666	6	6
1396	1.749	3	2
1397	1.777	6	5
1398	1.836	4	3
1399	1.738	13	12
1400	1.690	17	9
1401	1.812	10	6
1402	1.857	4	3
1403	1.755	8	7
1404	2.099	6	5
1405	1.759	5	4
1406	1.696	5	2
1407	2.069	39	38
1408	1.644	2	1
1409	2.114	10	9
1410	1.697	2	1
1411	1.940	5	4
1412	1.702	2	2
1413	1.778	4	3
1414	1.744	6	5
1415	1.839	5	3
1416	2.157	8	7
1417	1.901	4	3
1418	1.748	4	2
1419	1.745	9	4
1420	1.912	4	3
1421	2.085	5	4
1422	1.913	12	11
1423	1.662	2	1
1424	1.793	4	3
1425	1.939	6	3
1426	1.674	7	7
1427	1.645	2	1
1428	1.694	8	8
1429	1.672	16	15
1430	1.151	6	2
1431	1.660	7	5
1432	1.619	2	1
1433	1.789	10	9
1434	1.885	5	5
1435	1.871	3	3
1436	1.809	2	2
1437	1.754	7	7
1438	1.812	7	2
1439	2.070	3	2
1440	1.688	10	9
1441	1.580	9	1
1442	2.099	8	7
1443	1.833	21	17
1444	1.780	24	18
1445	1.841	2	2
1446	2.077	6	5
1447	1.713	10	10
1448	1.986	10	6
1449	1.733	12	6
1450	1.891	23	22
1451	1.909	4	4
1452	1.652	4	1
1453	1.634	2	2
1454	1.868	4	3
1455	2.017	10	8
1456	1.655	15	14
1457	1.773	45	29
1458	1.826	8	2
1459	1.812	12	11
1460	1.699	7	7
1461	1.626	2	1
1462	1.827	6	6
1463	1.681	12	11
1464	1.686	2	1
1465	1.900	3	2
1466	2.062	7	6
1467	1.849	9	3
1468	2.066	10	5
1469	2.031	6	2
1470	1.827	2	2
1471	1.641	11	11
1472	1.635	9	2
1473	1.705	19	18
1474	1.867	5	4
1475	1.735	3	2
1476	1.909	6	5
1477	1.850	9	4
1478	1.932	6	5
1479	1.820	15	14
1480	1.739	10	3
1481	1.907	16	14
1482	1.730	28	27
1483	1.628	25	1
1484	1.747	4	3
1485	2.013	22	21
1486	1.697	17	7
1487	1.659	2	1
1488	1.966	4	4
1489	1.641	2	1
1490	1.856	4	3
1491	1.808	18	17
1492	2.146	19	10
1493	1.879	9	3
1494	1.662	2	2
1495	1.812	4	3
1496	1.818	3	3
1497	1.834	4	3
1498	1.781	4	4
1499	1.679	3	2
1500	2.010	4	4
1501	1.750	14	14
1502	1.762	20	20
1503	1.817	18	17
1504	2.077	12	7
1505	1.940	9	3
1506	1.761	7	7
1507	1.721	9	8
1508	1.737	13	9
1509	1.984	14	4
1510	1.642	3	2
1511	1.763	11	10
1512	1.924	12	3
1513	1.630	5	1
1514	1.929	3	3
1515	2.029	5	5
1516	1.969	5	4
1517	1.737	10	9
1518	1.672	2	1
1519	1.890	3	2
1520	2.063	20	19
1521	1.968	11	5
1522	1.649	3	2
1523	2.097	7	6
1524	1.644	2	1
1525	1.900	3	3
1526	1.978	5	4
1527	1.768	7	7
1528	2.013	8	5
1529	1.869	3	2
1530	1.990	8	8
1531	1.748	3	3
1532	1.974	6	3
1533	1.600	2	2
1534	1.771	10	8
1535	1.655	3	2
1536	1.854	40	39
1537	1.904	12	3
1538	1.639	6	2
1539	1.727	3	2
1540	1.839	14	12
1541	1.892	3	3
1542	1.647	3	2
1543	1.826	8	4
1544	1.699	3	2
1545	1.993	6	5
1546	1.672	4	2
1547	1.812	4	4
1548	1.821	4	3
1549	1.742	7	7
1550	1.722	15	15
1551	1.629	2	2
1552	1.682	4	2
1553	1.689	2	1
1554	1.901	5	4
1555	1.753	3	2
1556	1.698	7	7
1557	1.730	10	9
1558	1.806	4	4
1559	1.723	19	19
1560	2.050	3	2
1561	1.797	4	3
1562	1.630	2	1
1563	1.983	6	5
1564	2.044	4	4
1565	1.881	4	3
1566	1.927	4	3
1567	1.888	4	4
1568	1.716	11	10
1569	1.711	23	12
1570	1.634	2	1
1571	1.846	6	5
1572	1.868	4	3
1573	1.599	2	1
1574	1.693	9	8
1575	1.710	2	2
1576	1.774	4	3
1577	1.608	2	1
1578	1.908	4	3
1579	1.759	11	10
1580	2.084	6	5
1581	1.703	6	2
1582	1.795	31	29
1583	1.637	2	2
1584	1.925	4	4
1585	1.996	5	4
1586	1.906	21	20
1587	1.636	11	2
1588	1.744	12	11
1589	1.996	6	5
1590	1.871	6	5
1591	1.635	2	2
1592	1.691	14	13
1593	1.807	5	4
1594	1.892	3	2
1595	2.016	4	4
1596	1.903	15	14
1597	1.798	2	2
1598	1.664	14	12
1599	1.980	18	17
1600	1.997	21	3
1601	1.820	3	3
1602	2.090	36	28
1603	1.651	2	1
1604	1.878	4	3
1605	1.652	2	1
1606	2.131	5	4
1607	1.683	9	8
1608	1.883	8	5
1609	2.079	9	8
1610	1.766	15	14
1611	1.800	4	3
1612	2.015	4	3
1613	1.961	6	5
1614	2.049	9	5
1615	1.790	9	6
1616	1.671	3	2
1617	2.017	5	4
1618	1.945	6	5
1619	2.155	9	6
1620	1.786	12	8
1621	1.741	10	9
1622	1.882	4	3
1623	1.726	24	23
1624	2.000	17	5
1625	1.733	14	13
1626	1.816	24	19
1627	1.616	21	1
1628	1.779	18	7
1629	1.701	6	6
1630	1.591	1	1
1631	1.971	7	6
1632	1.719	13	12
1633	1.761	10	9
1634	1.724	10	9
1635	1.698	11	10
1636	1.928	11	4
1637	1.733	10	9
1638	1.936	7	6
1639	1.680	18	17
1640	1.780	13	6
1641	2.117	9	9
1642	2.028	5	5
1643	1.927	5	4
1644	1.647	2	1
1645	1.705	9	8
1646	1.780	13	13
1647	1.885	11	2
1648	1.686	14	13
1649	1.625	2	1
1650	1.913	4	3
1651	2.130	7	6
1652	1.650	8	2
1653	2.003	12	8
1654	1.933	3	3
1655	1.912	4	3
1656	1.693	18	17
1657	1.888	5	4
1658	1.712	10	9
1659	1.654	2	1
1660	1.786	3	2
1661	1.638	2	1
1662	1.955	3	2
1663	1.608	3	2
1664	1.661	8	7
1665	1.685	11	10
1666	1.805	19	11
1667	1.800	8	4
1668	1.651	2	1
1669	1.706	5	4
1670	1.908	5	4
1671	1.822	40	39
1672	2.015	13	10
1673	1.700	7	5
1674	1.890	8	4
1675	2.175	11	10
1676	1.774	4	4
1677	2.128	7	6
1678	1.858	3	2
1679	1.876	5	4
1680	1.941	6	6
1681	1.871	3	3
1682	1.769	29	28
1683	1.643	31	1
1684	1.772	39	14
1685	1.827	14	13
1686	1.758	9	8
1687	1.855	23	22
1688	1.177	13	4
1689	1.870	18	9
1690	1.639	33	20
1691	1.987	5	4
1692	1.797	21	18
1693	2.004	5	4
1694	2.015	10	9
1695	1.838	14	12
1696	2.143	7	6
1697	1.675	17	10
1698	1.792	10	10
1699	1.778	3	2
1700	1.871	6	3
1701	1.876	4	3
1702	1.951	5	4
1703	1.727	19	18
1704	1.784	3	3
1705	1.663	2	2
1706	2.052	5	4
1707	1.701	2	1
1708	1.725	4	2
1709	2.007	6	5
1710	1.857	4	3
1711	2.067	5	4
1712	1.686	8	7
1713	1.770	3	2
1714	1.655	2	1
1715	2.023	7	6
1716	1.653	13	10
1717	1.831	18	14
1718	2.099	11	6
1719	1.865	6	3
1720	1.734	24	23
1721	1.621	20	1
1722	1.646	15	2
1723	1.747	20	3
1724	2.111	7	6
1725	1.971	3	2
1726	1.773	5	2
1727	1.830	4	3
1728	1.777	3	2
1729	1.703	10	9
1730	1.742	4	3
1731	1.801	12	8
1732	1.737	8	6
1733	1.699	8	8
1734	1.755	5	4
1735	1.709	15	14
1736	2.058	8	7
1737	1.932	11	4
1738	1.781	5	5
1739	1.651	7	2
1740	1.768	16	14
1741	1.824	9	3
1742	1.668	10	8
1743	1.632	3	1
1744	1.649	2	1
1745	1.855	12	11
1746	1.891	2	2
1747	1.871	15	14
1748	1.653	10	2
1749	2.078	5	5
1750	1.675	4	2
1751	1.734	18	17
1752	1.763	21	3
1753	2.019	5	5
1754	1.908	3	3
1755	1.702	11	11
1756	1.989	6	6
1757	1.809	4	3
1758	1.869	9	8
1759	1.777	5	4
1760	1.799	7	3
1761	1.759	4	3
1762	1.571	2	1
1763	1.688	9	8
1764	1.757	19	19
1765	1.653	8	2
1766	1.773	9	8
1767	1.638	2	1
1768	1.767	13	12
1769	2.148	9	8
1770	1.926	3	3
1771	1.959	3	2
1772	1.773	2	2
1773	1.616	2	2
1774	1.751	3	2
1775	1.935	6	6
1776	1.912	4	3
1777	1.839	4	4
1778	1.778	3	2
1779	1.879	6	5
1780	1.743	21	21
1781	1.685	5	4
1782	1.769	31	31
1783	2.072	50	22
1784	1.654	17	2
1785	1.797	5	4
1786	1.789	13	13
1787	1.671	3	2
1788	1.738	15	14
1789	1.608	15	1
1790	1.691	2	1
1791	2.050	4	4
1792	1.627	2	1
1793	1.792	5	4
1794	1.760	7	2
1795	1.787	1	1
1796	1.893	5	4
1797	1.924	26	23
1798	2.133	11	9
1799	1.955	7	7
1800	1.960	4	4
1801	1.800	8	8
1802	1.885	19	18
1803	1.705	9	1
1804	1.636	2	1
1805	1.625	2	1
1806	1.662	2	2
1807	2.185	13	12
1808	2.041	6	6
1809	1.766	6	3
1810	1.588	3	1
1811	1.937	28	27
1812	1.709	17	12
1813	1.799	18	13
1814	1.805	3	2
1815	1.743	17	17
1816	1.909	14	3
1817	1.711	18	18
1818	1.859	5	5
1819	1.784	11	10
1820	2.039	5	4
1821	1.825	3	2
1822	2.003	8	5
1823	1.884	3	3
1824	2.005	20	19
1825	1.759	4	3
1826	1.624	2	1
1827	1.738	15	15
1828	1.779	3	3
1829	1.713	11	10
1830	1.868	3	3
1831	1.699	7	6
1832	1.805	4	4
1833	1.653	3	2
1834	1.708	11	10
1835	1.863	4	3
1836	1.972	7	5
1837	2.077	9	8
1838	1.647	2	2
1839	1.868	5	4
1840	1.825	4	3
1841	1.974	6	5
1842	2.133	11	9
1843	1.854	8	4
1844	1.654	2	2
1845	1.849	4	3
1846	1.839	5	4
1847	1.760	10	4
1848	2.098	11	11
1849	1.990	5	4
1850	2.014	8	5
1851	1.876	5	2
1852	1.752	10	9
1853	2.105	10	9
1854	1.635	2	2
1855	1.721	18	17
1856	1.813	22	4
1857	1.636	2	2
1858	1.768	7	6
1859	1.911	5	4
1860	1.889	3	3
1861	1.744	4	3
1862	1.679	7	6
1863	1.866	7	3
1864	2.000	5	5
1865	1.763	11	10
1866	1.923	10	4
1867	1.719	21	9
1868	1.659	9	8
1869	2.075	7	6
1870	2.099	8	7
1871	1.673	10	9
1872	1.856	10	5
1873	1.916	28	27
1874	1.721	10	9
1875	2.059	6	6
1876	1.655	5	1
1877	1.774	4	3
1878	1.799	13	12
1879	1.661	7	1
1880	1.779	13	13
1881	2.077	6	6
1882	1.894	6	5
1883	1.955	4	3
1884	1.865	3	3
1885	1.795	13	12
1886	1.717	11	2
1887	1.648	14	2
1888	1.680	8	7
1889	1.928	12	8
1890	2.073	17	16
1891	1.998	7	3
1892	1.746	4	3
1893	1.627	5	2
1894	1.875	37	34
1895	1.876	4	3
1896	1.927	19	18
1897	1.741	9	9
1898	1.812	5	4
1899	1.709	5	4
1900	2.005	6	5
1901	1.920	17	16
1902	1.697	16	10
1903	1.723	20	11
1904	1.842	14	4
1905	2.032	5	5
1906	1.725	9	8
1907	1.597	2	1
1908	1.864	6	6
1909	1.836	9	3
1910	1.807	29	22
1911	1.632	2	1
1912	1.819	4	3
1913	1.642	4	1
1914	1.676	3	2
1915	1.648	2	1
1916	1.662	2	1
1917	2.032	6	5
1918	1.765	7	3
1919	1.732	2	1
1920	1.955	4	3
1921	1.838	5	3
1922	1.670	14	10
1923	1.972	5	4
1924	1.879	3	2
1925	2.083	46	46
1926	1.790	12	4
1927	2.084	37	6
1928	1.707	1	1
1929	1.999	20	15
1930	1.785	3	3
1931	2.017	3	2
1932	1.908	4	4
1933	1.603	2	1
1934	1.812	4	3
1935	2.001	6	5
1936	1.956	3	3
1937	1.685	12	12
1938	1.946	8	8
1939	2.111	8	7
1940	1.877	10	10
1941	1.987	4	3
1942	1.870	3	2
1943	1.710	21	20
1944	1.988	9	8
1945	1.935	4	3
1946	1.759	9	9
1947	1.699	7	6
1948	1.808	28	27
1949	1.846	22	2
1950	1.922	28	3
1951	1.933	10	4
1952	2.084	11	10
1953	1.777	17	16
1954	1.731	12	9
1955	1.854	4	3
1956	1.839	10	9
1957	1.816	4	3
1958	1.741	9	9
1959	1.651	2	2
1960	2.168	7	6
1961	1.792	5	5
1962	1.686	9	8
1963	1.865	3	2
1964	1.744	17	15
1965	1.756	8	8
1966	2.048	5	4
1967	1.927	4	3
1968	2.011	10	7
1969	1.643	8	2
1970	1.821	8	4
1971	2.114	11	10
1972	1.653	11	11
1973	1.959	14	2
1974	1.912	6	6
1975	1.782	9	8
1976	1.622	3	1
1977	2.009	9	3
1978	1.879	5	4
1979	2.026	7	6
1980	1.831	4	3
1981	1.781	7	2
1982	1.713	18	17
1983	1.673	28	10
1984	1.894	15	4
1985	1.779	3	2
1986	1.787	3	3
1987	1.912	23	23
1988	1.828	3	2
1989	1.699	17	16
1990	1.999	7	3
1991	1.676	2	1
1992	1.953	3	2
1993	1.950	6	5
1994	1.626	2	1
1995	2.037	7	6
1996	1.903	5	4
1997	1.683	12	6
1998	1.816	20	19
1999	1.647	13	1
